[{"pos_x": 61.5, "pos_y": -24.0, "rotation": 180.0, "side": "top", "designator": "J2", "mpn": null, "pack": "Pins_1x03_2.54mm_TH_AudioInsRGndL", "value": "A4091", "mount_type": "tht", "place": true}, {"pos_x": 68.83, "pos_y": -24.0, "rotation": 180.0, "side": "top", "designator": "J3", "mpn": null, "pack": "Pins_1x03_2.54mm_TH_AudioInsRGndL", "value": "A3000MB", "mount_type": "tht", "place": true}, {"pos_x": 75.87, "pos_y": -24.0, "rotation": 180.0, "side": "top", "designator": "J3", "mpn": null, "pack": "Pins_1x03_2.54mm_TH_AudioInsRGndL", "value": "A3000_MB", "mount_type": "tht", "place": true}]